æ™‚é–“æˆ³è¨˜,ä½ æƒ³ç•™ä¸‹çš„åå­—ï¼ï¼ˆä¹Ÿå¯ä»¥å¯«åŒ¿åæ²’æœ‰å•é¡Œï¼‰,æƒ³è¦åœ¨ç¶²ç«™ä¸Šæ”¾çš„é ­è²¼ï¼ç•¶ç„¶æƒ³è·³éŽä¹Ÿæ²’å•é¡Œï¼ï¼ˆè«‹å¹«å¿™æŠŠæª”æ¡ˆæ ¼å¼å‘½åç‚ºåœ–ä¸­çš„æ ¼å¼ï¼ä½ çš„åå­—+é ­è²¼å–”~ä¾‹å¦‚Popapo_é ­è²¼ï¼‰,æƒ³å°åå¸èªªçš„è©±ï¼,æƒ³çµ¦åå¸çš„æ±è¥¿ï¼(è«‹å¹«å¿™æŠŠæª”æ¡ˆæ ¼å¼å‘½åç‚ºåœ–ä¸­çš„æ ¼å¼ï¼  ä½ çš„åå­—+ç‰©å“åç¨±å–”~ä¾‹å¦‚Popapo_ç”Ÿæ—¥å¿«æ¨‚æ­ŒéŒ„éŸ³æª”ï¼ŒåŒ¿åè€…å¯«æˆåŒ¿å_XXXXXå³å¯)
2025/6/4 ä¸‹åˆ 4:10:12,å®¥å¯¶åŒ…,,"åå¸å°¼å¥½æˆ‘æ˜¯å¯¶åŒ…ï½ž ç¥å¦³ç”Ÿæ—¥å¿«æ¨‚ðŸŽ‚ ç”¨å¿ƒçš„modå€‘å¹«å¦³æº–å‚™çš„å°é©šå–œï¼Œèº«ç‚ºè¶³éŸ³modçš„å¥½æ¾Žå‹ä¹Ÿä¸€å®šè¦æ”¯æŒä¸‹é€™èˆ‰åœ‹æ­¡æ…¶çš„æ´»å‹•ðŸ¥³ðŸ¥³ðŸ¥³ 
ç¥ç¦å¦³åœ¨æœªä¾†çš„æ¯å€‹æ—¥å­è£¡éƒ½èƒ½é–‹é–‹å¿ƒå¿ƒ
æœ‰è¶Šä¾†è¶Šå¤šäººå§”è¨—åå¸ç•«åœ–ï¼
åœ–å¥‡è¿½éš¨ç ´2000ï¼
Happy birthday toastttttiðŸ˜šðŸ˜šðŸ˜š",
2025/6/4 ä¸‹åˆ 4:12:53,ç©ºä»”_ (kamadokanata),,ç”Ÿæ—¥å¿«æ¨‚Ù©(â—¦`ê’³Â´â—¦)Û¶,
2025/6/4 ä¸‹åˆ 8:26:56,å®ˆ,,ç”Ÿæ—¥å¿«æ¨‚ æ­å–œå¹³å®‰çš„åº¦éŽäº†ä¸€å¹´ å¸Œæœ›åå¸å¾€å¾Œä¹Ÿèƒ½åƒä»Šå¤©ä¸€æ¨£é–‹å¿ƒ ç¥èº«é«”å¥åº· å¹³å®‰é †é‚!,
2025/6/8 ä¸‹åˆ 6:20:54,Luke,https://drive.google.com/open?id=1Qnap7VXblI_ospaGRyuZkysUCr1CeHH4,"åå¸ç”Ÿæ—¥å¿«æ¨‚ï¼ç›´æ’­ä¸€é€±å¹´å¿«æ¨‚ï¼
å¾ˆé«˜èˆˆå¯ä»¥èªè­˜åˆ°é›†å„ç¨®å„ªé»žæ–¼ä¸€èº«çš„å¦³ï¼Œ
ä¸è«–æ˜¯å­¸æ¥­ã€ç¹ªåœ–ã€å”±æ­Œã€è²éŸ³ã€å€‹æ€§ç­‰ï¼Œ
æ¨£æ¨£éƒ½è®“äººååˆ†å–œæ­¡ã€‚
ç¥ç¦å¦³æŒçºŒå¾€è‡ªå·±çš„ç›®æ¨™é‚é€²ï¼ŒæœƒæŒçºŒæ”¯æŒå¦³çš„ï¼",
2025/6/11 ä¸‹åˆ 5:30:13,Karsauba,https://drive.google.com/open?id=1vq5xb4J-1Y2RgnSVRUQ3hh4P11qEG79E,"åå¸å®‰å®‰ æˆ‘æ˜¯å› ç‚ºé ­è²¼æ´»å‹•æ‰çœ‹åˆ°å¦³çš„ ä¸€é–‹å§‹å—Žä¸Šå°±è¢«å¦³çš„å¯æ„›ç•«é¢¨çµ¦æˆ³åˆ°äº†
å› æ­¤å°±é€™æ¨£è®Šæˆç²‰çµ²äº†www
é›–ç„¶é—œæ³¨å¦³çš„æ™‚é–“ä¸é•· ä½†æˆ‘æœƒä¸€è¼©å­è·Ÿéš¨å¦³çš„www",
2025/6/11 ä¸‹åˆ 6:12:01,å°é­š,https://drive.google.com/open?id=1nuJctYdpnz1L9HPJ_5ySXuA68kV-r23a,"å¯æ„›çš„åå¸ç“¦ç†Šç”Ÿæ—¥å¿«æ¨‚ðŸŽ‰ðŸŽ‰
å¸Œæœ›ä½ ä¸€ç›´éƒ½é–‹é–‹å¿ƒå¿ƒçš„â¤",
2025/6/11 ä¸‹åˆ 6:35:10,é¦¬ä¾†è†œè†œ,https://drive.google.com/open?id=1YMU82WY8jANgub0zoBHecP5sDlvnWrXy,"ç”Ÿæ—¥å¿«æ¨‚ éš¨ç„¶æˆ‘ä¸å¸¸åŽ»çœ‹éƒ½æ˜¯æœ‰æ™‚é–“ ä¸éŽå¦³çŸ¥é“å—Ž ä¸€å‘¨å¹´å¿«æ¨‚ç”Ÿæ—¥å¿«æ¨‚











å¦³å¥½å¯æ„›å•Š!!!!!!!",
2025/6/11 ä¸‹åˆ 9:52:00,å¡å…”,,é›–ç„¶èªè­˜æ™‚é–“å¾ˆçŸ­ï¼Œä½†æ¯æ¬¡çœ‹åˆ°åå¸éƒ½å¾ˆæœ‰ç²¾ç¥žçœŸæ˜¯å¤ªå¥½äº†ouob,
2025/6/13 ä¸‹åˆ 6:24:58,j96,,å°åå¸ï¼Œæ­å–œä½ åˆé•·å¤§ä¸€æ­²äº†ï¼Œå¥½å¥½äº«å—ä»Šå¤©é€™å€‹å¹¸ç¦çš„å¤§æ—¥å­,
2025/6/19 ä¸‹åˆ 6:18:58,çƒé¾œé¾œ,https://drive.google.com/open?id=1sBuJZnJo5br_WZVr8rpyovTs-7aFfiOo,åå¸ç”Ÿæ—¥å¿«æ¨‚~èƒ½èªè­˜åå¸ç¥žæ˜¯æˆ‘çš„æ¦®å¹¸(åå¸è€¶æ¯”),https://drive.google.com/open?id=1COO5PVWbAGrSgdGAO2zwvujCXCmk9CNT
2025/6/28 ä¸‹åˆ 8:06:51,è¦è¦,https://drive.google.com/open?id=13jgLPAF86feTLJLQ4fdqNSyQ6sw_ng11,ç¥åå¸ç”Ÿæ—¥å¿«æ¨‚ã€ä¸€å‘¨å¹´å¿«æ¨‚~é€ä¸Šä¸€å¼µå§”è¨—çš„å°è³€åœ–,https://drive.google.com/open?id=17dlnIf2QfLORNES-hwhTP1QjSLVg6D4W
2025/7/1 ä¸‹åˆ 5:22:47,èŠ±æ¤°èœ,https://drive.google.com/open?id=1FnNNiapNU0oG1ddvUfRABsrF3mCbULnM,å¸Œæœ›åå¸æœªä¾†ä¹Ÿè¢«ä¸–ç•Œä¸Šå„å¼å„æ¨£ç¾Žå¥½çš„äº‹ç‰©åŒ…åœï¼Œæ“æœ‰å±¬æ–¼è‡ªå·±çš„å……å¯¦åå¸ç”Ÿ ! ,https://drive.google.com/open?id=1azU3Ea7IJa5fqEt9ZeIoNYBfl2DuaV2R
2025/7/1 ä¸‹åˆ 7:55:50,ç‰¹å¤š,https://drive.google.com/open?id=1T0oRmnQFpeFf7rwRBJxtIqhmWMeV77lQ,åå¸ç”Ÿæ—¥å¿«æ¨‚~ä¹Ÿç¥ä½ ä¸€å‘¨å¹´å¿«æ¨‚  è€¶æ¯”!!! æ¯æ¬¡çœ‹åˆ°åå¸çš„åœ–éƒ½è¦ºå¾—æœ‰è¢«ç™‚è‚²çš„æ„Ÿè¦ºçœŸã„‰æ•²å¯æ„›ã„‰è¾£  ä¹Ÿç¥ç¦åå¸æœªä¾†ä¹Ÿèƒ½å¿«æ¨‚çš„ç•«ç•«~,"https://drive.google.com/open?id=1Fl-8DmfXF9S3WCwTmmfAwCSa7ixZPdno, https://drive.google.com/open?id=1m1gvCI8UvPgonrvUsou6FbAffaEgj3cN"
2025/7/4 ä¸‹åˆ 3:30:49,å—šå—šå—š,,"æ­å–œåå¸ç”Ÿæ—¥å¿«æ¨‚!!!!!!!
ä¸€å‘¨å¹´çš„å¯¦æ³ä¹Ÿå¤§å¤§å¤§å¿«æ¨‚!!!!!!!!!
çœ‹åå¸å°ä¹Ÿé»˜é»˜åœ°è¦ä¸€å¹´äº†(??? å¥½å¿«
åå¸çš„ç•«åœ–ã€ä½œæ¥­ã€å”±æ­Œã€éŠæˆ²å°éƒ½èƒ½å¸¶çµ¦æˆ‘å€‘å¥½å¤šæ­¡æ¨‚
é›–ç„¶æ²’è¾¦æ³•æ¯æ¬¡éƒ½è·Ÿ åªèƒ½å°å°å·çœ‹ä¸€ä¸‹å°±åŽ»å¿™
ä½†é‡åˆ°åå¸é‚„æ˜¯å¥½é–‹å¿ƒ (å—šå—šå—š
ç¥åå¸ç”Ÿæ—¥å¿«æ¨‚åˆé•·å¤§äº†ä¸€æ­²
è®Šæˆç†Ÿæˆåå¸(x
å¯¦æ³å¸¶çµ¦æˆ‘å€‘å¥½å¤šå¿«æ¨‚ä¹Ÿæ­å–œä¸€å‘¨å¹´
æœŸæœ›æŽ¥ä¸‹ä¾†æœƒæœ‰äºŒå‘¨å¹´ä¸‰å‘¨å¹´~
ä½†ä¹Ÿå¸Œæœ›åå¸ä¸è¦æœ‰å£“åŠ› ä¸€åˆ‡æŒ‰ç…§è‡ªå·±é©åˆçš„æ­¥èª¿ä¾†
ä¹‹å‰çš„èªè¦ªä¹Ÿæº–å‚™çš„å¥½ç”¨å¿ƒ 
çœŸçš„æ˜¯å¾ˆèªçœŸçš„å¯æ„›ç“¦ç†Š",
2025/7/4 ä¸‹åˆ 4:12:32,äºˆæ™´,https://drive.google.com/open?id=1uK8wLyoVAoEPDQaEpMuyDLNd_6-qRg8b,"ç“¦ç†Šç“¦ç†Š!ç”Ÿæ—¥å¿«ç†±!!
å¥½å–œæ­¡å¯å¯æ„›æ„›åˆè¶…æœƒç•«ç•«ã„‰ç“¦ç†Š
ä¹‹å¾Œä¹Ÿè¦é–‹é–‹å¿ƒå¿ƒã„˜èƒ–èƒ– ã„’ã„’",
2025/7/6 ä¸‹åˆ 5:38:21,äºžæ›¼JJ,https://drive.google.com/open?id=1NO06Itiu_RqMWo_wwYbn2GocZ6R3nSIe,ç”Ÿæ—¥å¿«æ¨‚æˆ‘å€‘æœ€å¯æ„›çš„ç“¦ç†Š! ç¥ç¦æˆ‘å€‘åå¸åœ¨é€™æ¢å¯¦æ³ä»¥åŠç•«åœ–çš„é“è·¯ä¸Šä¸€è·¯é †åˆ©!,https://drive.google.com/open?id=1hLBkvYdeXCQq5FkHR_xR7XGJzxx5yftf
2025/7/7 ä¸Šåˆ 12:21:50,æœ¶èŸèˆ,https://drive.google.com/open?id=1_8flvkkIubOGGS0bfuzpXDy3dNvlfvN7,"åå¸çœŸçš„æ˜¯å¾ˆå¥½å¾ˆå¥½çš„å¯¶åŒ…~ðŸŒŸ
è¬è¬åå¸çµ¦æˆ‘æ©Ÿæœƒç•¶ä½ çš„æœ‹æœ‹(à©­à¥Â´ áœ `)à©­à¥â¾â¾â¤ï¸
ä»Šå¤©é€™éº¼æ£’æ£’çš„æ—¥å­è£¡ï¼Œç¥ä½ ç”Ÿæ—¥å¿«æ¨‚~*à¬˜(à©­*ËŠáµ•Ë‹)à©­* à©ˆâœ©â€§â‚ŠËš
å¸Œæœ›æˆ‘å€‘æœªä¾†çš„å‹èª¼æœƒä¸€ç›´ä¸€ç›´æŒçºŒä¸‹åŽ»
æ„›ä½ æ„›ä½ çš„æœ¶æœ¶","https://drive.google.com/open?id=1wfHlAIKcnx5qpIx3pg6eF3PA_TjtnSSq, https://drive.google.com/open?id=1Of6o__U0B1HTaR8h7TlP7TXrzdrENsnP, https://drive.google.com/open?id=1_I_0HoQ73wqOswm4GrEXgiO6W_q8LSek, https://drive.google.com/open?id=1eJxPPjCkjD0VcdPpb1LTRrL6St6N0P1K"
2025/7/7 ä¸Šåˆ 4:46:41,ç„¡å,https://drive.google.com/open?id=1RCwcIzpgYkJBjLAVFwIb_CMc_rMkDsQ0,ç”Ÿæ—¥å¿«æ¨‚,https://drive.google.com/open?id=1tmFe_Y-cy47duIVJ_N3dxhNHEeDEe8ox
2025/7/7 ä¸Šåˆ 11:00:35,å¤æ´›ç‰¹,,åœ¨FBå’Œå¯å¯æ„›æ„›çš„åå¸æˆ³å‹çœŸçš„å¾ˆé–‹å¿ƒï¼åå¸æ¯ä¸€å¼µåœ–çœŸçš„éƒ½å¾ˆå¥½çœ‹ï¼çœŸçš„å¥½å–œæ­¡ðŸ˜­ðŸ˜­ðŸ˜­åå¸ç”Ÿæ—¥å¤§å¤§å¤§å¤§å¿«æ¨‚ï¼ï¼ï¼,
2025/7/8 ä¸Šåˆ 12:41:59,åœ°ä¸‹å®¤ç”Ÿç‰©,https://drive.google.com/open?id=1FTincy-bTfRWg9-R7S-VOMetZnL9PkjL,åŠ æ²¹ ä½ æ˜¯æœ€æ£’çš„ æŽ¥ä¸‹ä¾†ä¸€å®šæœƒè¶Šä¾†è¶Šå¥½ ä½†ä¹Ÿè¦æ³¨æ„ä¼‘æ¯å“¦,
2025/7/10 ä¸‹åˆ 8:02:30,é’è‰²çš„å¤©ç©º,https://drive.google.com/open?id=1Tsu5QrYTx1msan4M88_wlQxXa8VPWnRd,"
é›–ç„¶æ‰å‰›èªè­˜ç“¦ç†Šå¤§ä½¬ä¸ä¹…
ä½†è¢«æ‰“éŠæˆ²æœ€å¸¥æ°£
é‚„æœ‰å”±æ­Œæœ€å¥½è½çš„
ä»¥åŠç•«åœ–è·Ÿå»ºæ¨¡éƒ½è¶…ç´šåŽ²å®³çš„ç¹ªåœ–å¤§ä½¬æ¨¡è¡“å¸ - ç“¦ç†Šè€å¤§
èº«ç‚ºç…Žè›‹å€‘çš„ä¸€ä»½å­
ç¥è€å¤§é¡˜æœ›éƒ½èƒ½å¯¦ç¾
by é’ç©º",https://drive.google.com/open?id=1LrpMJmkWyZcjggx1kk0jKFnETy61p9jH
2025/7/11 ä¸Šåˆ 2:42:00,å•Šç‹¼,https://drive.google.com/open?id=1S51CrPaDY33n7fff3apZbJmNjEqm9Wyb,"åå¸ ç”Ÿæ—¥å¿«æ¨‚
ç”±æ–¼ä¸€äº›æ©Ÿç·£å·§åˆä¸‹æˆ‘èªè­˜äº†å¦‚æ­¤å¯æ„›çš„åå¸
ä¹Ÿå› ç‚ºä¸€äº›ç·£åˆ†æˆ‘å¯ä»¥ç•¶ä¸Šåå¸çš„mod
å…¶å¯¦æˆ‘å¾ˆæ„Ÿè¬å¦³é€™éº¼ä¿¡ä»»æˆ‘
åŽ»å¹´å› ç‚ºå¤ªéŽæ–¼è‡¨æ™‚æ‰€ä»¥ç„¡æ³•çµ¦ä½ å¤ªå¤šçš„é©šå–œ
ä»Šå¹´èƒ½è·Ÿè‘—å¤§å®¶ä¸€èµ·æº–å‚™å¸Œæœ›ä½ æœƒé–‹å¿ƒ
æœªä¾†çš„æ—¥å­è£¡ä¹Ÿå¸Œæœ›ä½ ç¹¼çºŒå¸¶è‘—æ´»æ½‘å¯æ„›çš„æƒ…ç·’åˆ†äº«çµ¦å¤§å®¶",
2025/7/18 ä¸‹åˆ 5:19:01,Dkoctro,https://drive.google.com/open?id=1UrhMa3MPPVqEwPTotrwJLvNKtw7n5lTI,åå¸ç”Ÿæ—¥å¿«æ¨‚ï¼ç•¶åˆç¬¬ä¸€æ¬¡è¦‹åˆ°ä½ çš„æ™‚å€™å°±è¦ºå¾—ä½ å¾ˆå¯æ„›ï¼Œé–‹å°çš„é¢¨æ ¼ä¹Ÿæ˜¯æˆ‘å–œæ­¡çš„é¡žåž‹ï¼Œå› æ­¤é¦¬ä¸Šå°±å¸¸é§äº†ä¸‹ä¾†ï¼Œé›–ç„¶ä¹‹å¾Œå› ç‚ºè¦å¿™çš„é—œä¿‚ï¼Œæ‰€ä»¥æ¯”è¼ƒä¸æœƒå‡ºç¾ï¼Œä½†æˆ‘é‚„æ˜¯æœƒç¹¼çºŒæ”¯æŒä½ çš„ï¼,
2025/7/19 ä¸‹åˆ 4:48:34,ç›¤å­ã‚µãƒ©,https://drive.google.com/open?id=1QDaCoAERj8FIHJeJxJpL9fTsBsMkUVP3,åå¸ç¥žç”Ÿæ—¥å¿«æ¨‚! ç¥è³€çš„è©±æˆ‘ä¸å¤ªæœƒèªª æ‰€ä»¥åŠªåŠ›è¶•å·¥ç•«äº†è³€åœ– å¸Œæœ›ä¸æœƒé«’äº†æ‚¨çš„çœ¼ç›ï½¡ï¾Ÿ(ï¾ŸÂ´Ï‰`ï¾Ÿ)ï¾Ÿï½¡,https://drive.google.com/open?id=1iM-cV4-2k6miporeZmwyKhsyyXrZd5Ad
2025/7/20 ä¸Šåˆ 7:26:05,æ±è²“,,å¿™é¼ é‚„æ˜¯è¦å·å·ç¥ç¦åå¸ç”Ÿæ—¥å¿«æ¨‚ï¼,
2025/7/20 ä¸Šåˆ 10:30:25,æ¨¹æœ¨,https://drive.google.com/open?id=181p3QRqDSnoP12kcU5ajVT-Gv2Mw-M7z,"
å°æˆ‘ä¾†èªª
åå¸å°±åƒæ˜¯å€‹é–‹è‘—å¤šåŠŸèƒ½è¡¨æ¼”è»Šçš„ç“¦ç†Šè¡Œå‹•è—äºº
åœ¨åŸŽå¸‚çš„å°è§’è½ï¼Œæ‰¾åˆ°å°çš„ä½ç½®ï¼Œæž¶å¥½æŠ•å½±å¸ƒå¹•
é–‹å§‹ä½ å……æ»¿æƒ³åƒçš„è¡¨æ¼”
é‚£å¯èƒ½æ˜¯éœæ…‹çš„ç•«ç•«ã€å‹•èµ·ä¾†çš„ç•«ç•«(Live2d)ã€æˆ–æ˜¯è®“å‹•èµ·ä¾†çš„ç•«ç•«æœƒå”±æ­Œ(ç“¦ç†Šå”±æ­Œ)
æˆ‘å°±æ˜¯å€‹å°ç…Žè›‹ï¼Œåœ¨ä¸‹ç­çš„é€šå‹¤æ™‚ï¼›åœ¨ç¡å‰çš„è€è²»æ™‚ï¼›åœ¨å‡æ—¥çš„æ™¨æ›¦æ™‚
å‰›å¥½çš„è·é›¢ï¼Œæˆ‘éœéœçš„è†è½ä½ çš„è¡¨æ¼”
ä½ å¾ˆäº«å—é€™ç¨®è¡¨æ¼”ï¼Œæˆ‘å¾ˆäº«å—ä½ çš„è¡¨æ¼”
é€™æ¨£å°±è¶³å¤ äº†ï¼Œå°å§!

ä½ åƒæ˜¯å€‹å°æœ‹å‹
å¾ˆå®³ç¾žï¼Œä½†æ˜¯é‚„æ˜¯æƒ³è·Ÿå¤§å®¶äº¤æœ‹å‹
åšäº†å¥½å¤šå˜—è©¦ï¼Œå¹¸å¥½ï¼Œèº«é‚Šç¸½æ˜¯é‡åˆ°æº«æš–ã€å–„è‰¯çš„å¤§æœ‹å‹
ä½ çš„modå€‘ã€ç¶²è·¯ä¸Šé‡åˆ°çš„å„ç¨®ç¹ªå¸«åŠå¥½æœ‹å‹å€‘
èƒ½å¤ çµ¦å¦³å¾ˆå¤šæ­£å‘çš„èƒ½é‡åŠå»ºè­°

å¦³å¿«æ¨‚çš„é–‹å°ï¼Œå¸¶çµ¦æˆ‘å€‘å¿«æ¨‚
é€™æ˜¯æœ€é‡è¦çš„
ä»Šå¤©æ˜¯ä½ ç”Ÿæ—¥ï¼Œæ„Ÿè¬modå€‘çµ¦æˆ‘é€™å€‹æ©Ÿæœƒå¯ä»¥è·Ÿä½ ç¥ç¦
ç¥ä½ ç”Ÿæ—¥å¿«æ¨‚
ä½ æ˜¯æœ€æ£’çš„ç“¦ç†Š
è€¶æ¯”!!",
2025/7/20 ä¸‹åˆ 4:11:01,åŒ—æ¥µå…”,https://drive.google.com/open?id=1J39yP_DDejvK2S3fBG_viZ5z8IfjZf8S,ç•«ç•«è¶…ç´šå¥½çœ‹çš„åå¸ç”Ÿæ—¥å¿«æ¨‚!! å¾žå‰›èªè­˜åå¸åˆ°ç¾åœ¨ï¼Œå°åå¸çš„å°è±¡éƒ½æ²’æ”¹è®Šï¼Œæ˜¯å€‹éžå¸¸æœ‰ç¦®è²Œåˆæ´»æ½‘å¯æ„›çš„ç“¦ç†Šï¼Œå¾ˆé–‹å¿ƒèƒ½åœ¨ä»Šå¹´äºŒæœˆçš„FFè¦‹åˆ°åå¸ï¼Œç¥å¦³äº‹äº‹é †å¿ƒ~å¤©å¤©é–‹å¿ƒðŸ§¡,
2025/7/21 ä¸Šåˆ 12:10:46,çŒœçŒœçœ‹,https://drive.google.com/open?id=1-A6S0Y56bUlQcvq7zmSq-uq7gkQhwLwZ,"ç”Ÿæ—¥å¾žä¾†éƒ½ä¸æ˜¯å¦³ä¸€å€‹äººçš„ç¯€æ—¥å–”ðŸŽ‚
é¡˜æ„ç‚ºå¦³é»žè Ÿç‡­ã€å”±æ­Œã€æ­¡è²é¼“æŽŒçš„äººå¯éƒ½åœ¨é€™ãŠ—ï¸
åœ¨åº§çš„æ¯å€‹äººéƒ½çœŸå¿ƒçš„æ„Ÿè¬å¦³é™ç”Ÿåœ¨é€™å€‹ä¸–ç•Œä¸ŠðŸ’è¬è¬å¦³ç¸½æ˜¯ä¸€å¦‚æ—¢å¾€çš„é™ªä¼´å’Œæ”¯æŒè‘—æˆ‘å€‘â¤ï¸
é¡˜å¦³çš„ç•«ç­†å§‹çµ‚æµæš¢ðŸ–Œï¸å†€å¦³çš„æ¯›é«®ç¸½æ˜¯è“¬é¬†ðŸ«³æœ›å¦³çš„æœªä¾†æ°¸ä¸æš—æ·¡ðŸŒŸç¥å®¶äººå’Œå¦³åœ“æ»¿å®‰åº·ðŸ¦ðŸ¦ðŸ¦ðŸ¦
æœ€å¾Œè«‹è®“æˆ‘å†ç¥æˆ‘å€‘æœ€å¯æ„›çš„å°ç“¦ç†Šç”Ÿè¾°æ—¥æ—¦å¿«æ¨‚ðŸŽŠè¦æ”¾ç…™ç«å•¦ðŸŽ†
KaiðŸŒ²ðŸŒ²ðŸŒ²æ•¬ä¸Š",
2025/7/21 ä¸Šåˆ 4:15:43,ã„Œã„Œã„©,https://drive.google.com/open?id=1cLKKgtKX4Xa_Yepxy7i5cda5VMyL8lOv,"åå¸ç”Ÿæ—¥å¿«æ¨‚~!
åœ¨å¿™ç¢Œä¹‹ä¸­ä¹Ÿè¨˜å¾—ç·©ä¸‹è…³æ­¥ä¼‘æ¯ä¸€ä¸‹
ç¥ä½ å§”è¨—å¤šå¤š
åˆä¸æœƒç•«ä¸å®Œ
åªæœ‰éŒ¢è³ºä¸å®Œ
ä¹Ÿç¥ä½ èº«é«”å¥åº·
ç›´æ’­é–‹åˆ°80æ­²~","https://drive.google.com/open?id=16FdbGxCrhuQ6ugO9TPG8x59g2Ep8jgu2, https://drive.google.com/open?id=1B0N7aHGYujNxR-6owFAcCGm52JjG2ivr"
2025/7/21 ä¸Šåˆ 9:06:15,éµåŒ ,https://drive.google.com/open?id=1ktOnnPUvUJceEOQQ9kqFaKCCtPlOV858,åå¸ç”Ÿæ—¥å¿«è‚‰!!!!ä¹‹å¾Œæœ‰ç©ºå†ä¸€èµ·çŽ©å’§!!,https://drive.google.com/file/d/1DpOLyt3303F-2yOt7bPeShzhbt_RpK49/view?usp=drive_link
2025/7/22 ä¸‹åˆ 11:58:52,é’è‰²çš„å¤©ç©º,,"é›–ç„¶æ‰å‰›èªè­˜ç“¦ç†Šå¤§ä½¬çŸ­çŸ­å¹¾å€‹æœˆ
ä½†è¢«æ‰“éŠæˆ²æœ€å¸¥æ°£
é‚„æœ‰å”±æ­Œæœ€å¥½è½çš„
ä»¥åŠç•«åœ–è·Ÿå»ºæ¨¡éƒ½è¶…ç´šåŽ²å®³çš„ç¹ªåœ–å¤§ä½¬æ¨¡è¡“å¸ - ç“¦ç†Šè€å¤§
èº«ç‚ºç…Žè›‹å€‘çš„ä¸€ä»½å­
ç¥è€å¤§é¡˜æœ›éƒ½èƒ½å¯¦ç¾
by é’ç©º","https://drive.google.com/open?id=1cODAzbk6X2uftiGiIUC5CToG2_qKg_5m, https://drive.google.com/open?id=1RKhTFVmPFs0dGI4KOgD0r6zrz14OF4eu"
2025/7/23 ä¸Šåˆ 2:05:03,ç½é ­,https://drive.google.com/open?id=1xD0SS2-xAbYQ1iWjSIjIBH6NVuxRgvx5,æœ‰å¤ªå¤šçš„è©±æƒ³èªªï¼Œä½†æˆ‘ä¸¦ä¸å–„æ–¼è¡¨é”ã€‚å¸Œæœ›é€™å¥—åœ–å¯ä»¥è®“å¦³æ”¶åˆ°æˆ‘çš„å¿ƒæ„ï¼Œä¹Ÿå¸Œæœ›æœªä¾†åå¸å¯ä»¥é †åˆ©æœè‡ªå·±çš„å¤¢æƒ³é‚é€²ï¼,
2025/7/23 ä¸Šåˆ 8:11:20,å½¼å²¸èŠ±,https://drive.google.com/open?id=1_N9Lx5ku_76h7JBE0q8jcpAHYCT9iJYg,åå¸ç”Ÿæ—¥å¿«æ¨‚ å¸Œæœ›æˆ‘å€‘ä¹‹å¾Œå¯ä»¥æ›´ç†Ÿçµ¡è®Šæˆå¥½æœ‹å‹~,
2025/7/23 ä¸‹åˆ 3:47:44,leafwind,https://drive.google.com/open?id=1VbD74NYol0LENq-JWXT2cboriaEitbZO,æ­å–œåå¸ç”Ÿæ—¥ï¼Œé›–ç„¶æˆ‘æ˜¯å‰›åŠ å…¥çš„å°èœé›žï¼ŒæŽ¥ä¸‹ä¾†çš„å¯¦æ³ç”Ÿæ¶¯å¤šå¤šæŒ‡æ•™ï¼Œä»¥åŠç¥ç¦åå¸æœªä¾†çš„äººç”Ÿèƒ½å¤ è·ŸRGBä¸€æ¨£å¤šé‡‡å¤šå§¿ï¼,
2025/7/23 ä¸‹åˆ 6:00:31,å†¬çœ ã®ä¼éµ,,ç“¦ç†Šç“¦ç†Šç”Ÿæ—¥èˆ‡ä¸€é€±å¹´å¿«æ¨‚à«® ËƒÌµ ÖŠ Ë‚Ìµ áƒä¸å¾—ä¸èªªä½ FAFAçœŸçš„å¾ˆå¯æ„›é‚„æœ‰ä½ çš„ç“¦é¤æ­ŒçœŸçš„å”±çš„å¥½å¥½è½â¸œ( Ë¶'áµ•'Ë¶)â¸é›–ç„¶æˆ‘å€‘èªè­˜ä¸ä¹…ä½†æ˜¯é‚„æ˜¯ç¥ä½ ç”Ÿæ—¥å¿«æ¨‚à«® ËƒÌµ ÖŠ Ë‚Ìµ áƒæœŸå¾…æˆ‘å€‘çš„ä¸‹å€‹å‘¨å¹´á ( á• )áŸ,
2025/7/25 ä¸‹åˆ 8:48:35,ã‚­ã,https://drive.google.com/open?id=1VqGT5CxRvgnZrrGu54SM0eRGgGHR-XAR,å¾ˆé«˜èˆˆèƒ½å› ç‚ºLive2Dè€Œèªè­˜åˆ°é€™éº¼å……æ»¿é™½å…‰åˆæœ‰èƒ½é‡çš„åå¸ï¼ï¼ï¼å¦³ç¸½æ˜¯æ•£ç™¼å‡ºå°é€™å€‹ä¸–ç•Œå……æ»¿ç†±æƒ…çš„å…‰èŠ’ï¼Œæ„ŸæŸ“è‘—èº«é‚Šçš„æ¯ä¸€å€‹äººï¼ŒçœŸçš„æ˜¯æœƒè®“äººè¦ºå¾—ä¸å¯æ€è­°çš„å­˜åœ¨ï¼Œå³ä½¿å¦³è‡ªå·±å¯èƒ½å·²ç¶“ç¿’æ…£äº†é€™ç¨®è‡ªæˆ‘è‚¯å®š+ä¸åç¨±è®šä»–äºº+æ„›è‡ªå·±ä¹Ÿæ„›å¤§å®¶çš„è¡Œç‚ºï¼Œä½†å¦³å¿…é ˆçŸ¥é“é€™æ˜¯å¦³å¾ˆåŽ²å®³çš„åœ°æ–¹ï¼ï¼ˆæŒ‡æŒ‡é»žé»žï¼‰å¦‚æžœåå¸æ˜¯æŸç¨®å£å‘³çš„åå¸çš„è©±ï¼Œé‚£è‚¯å®šæ˜¯æ›¬éŽå¤ªé™½åˆåŠ äº†æµ·é¹½é‚„æŠ¹äº†æ¸…çˆ½å¥¶æ²¹å†åŠ ä¸Šå„ç¨®é¦™æ–™åŽ»çƒ¤å‡ºä¾†çš„å¤šå±¤æ¬¡åå¸ï¼Œæ­å–œå¦³åˆè¦é•·ä¸€æ­²å•¦ï¼é€™éº¼å¹´è¼•åˆé€™éº¼æœ‰èƒ½åŠ›çš„ç“¦ç†Šå“ªè£¡æ‰¾ï¼Œèƒ½èªè­˜å¦³çœŸçš„æ˜¯å¤ªé–‹å¿ƒã„Œï¼Œä»¥å¾Œé‚„è«‹å¤šå¤šæŒ‡æ•™ï¼ï¼ç¥åå¸ç”Ÿæ—¥å¿«æ¨‚&ä¸€é€±å¹´å¿«æ¨‚ðŸžðŸŽ‚ðŸ¥³á•¼á—©á‘­á‘­Y á—·Iá–‡Tá•¼á—žá—©YðŸŽ‰ðŸŽ‰ðŸŽ‰,
2025/7/26 ä¸Šåˆ 12:22:42,MrPopapo,https://drive.google.com/open?id=1HUxwYa9OzF_0_sQIJS_-wLA7Y3mu1_Rl,"åå¸ç”Ÿæ—¥ï¼‹ä¸€é€±å¹´å¿«æ¨‚!!
ä¸çŸ¥ä¸è¦ºæˆ‘å€‘ä¹Ÿèªè­˜ä¸€å¹´äº†ï¼Œæƒ³ç•¶åˆèªè­˜ä½ çš„å¥‘æ©Ÿå°±æ­£æ˜¯å› ç‚ºç”Ÿæ—¥è¡¨å–®æ´»å‹•ï¼Œæ²’æƒ³åˆ°éŽäº†ä¸€å¹´ä¹‹å¾Œæ›æˆ‘ä¾†å·å·çš„è¾¦é€™å€‹wwç¸½ä¹‹å¸Œæœ›ä½ å–œæ­¡é€™ä¸€ä»½é©šå–œç¦®ç‰©å•¦~
å…¶ä»–çš„è©±æˆ‘ä¹Ÿä¸èªªå¤ªå¤šäº†ï¼Œç¸½ä¹‹æœªä¾†è«‹å¤šå¤šæŒ‡æ•™å›‰ï¼Œæˆ‘é‚„ç­‰è‘—åƒåŠ ä½ çš„23456é€±å¹´æ´»å‹•å‘¢ï¼",https://drive.google.com/open?id=1_vFL7gvmk9k6MU1g2a2l2QyXGGiztruC
2025/7/26 ä¸Šåˆ 4:38:14,å¡”åŠªåŠª,https://drive.google.com/open?id=1jBFnTMIhwU9pCCfHfci-Qf7ImAzzilgs,è¦ªæ„›çš„åå¸ï¼šå¦³çŸ¥é“æˆ‘æ˜¯æ„›å¦³çš„â™¥ç”Ÿæ—¥å¤§å¿«æ¨‚ï¼æˆ‘ç­‰è‘—å¦³è·Ÿæˆ‘ä¸€èµ·æŠŠäºžæ›¼æŽ¨å€’(*Â´âˆ€`),https://drive.google.com/open?id=1Lj-griKHrq9xL-rhxZKkPZprXufRwVXF
2025/7/27 ä¸‹åˆ 6:53:38,ç½ç½,https://drive.google.com/open?id=1R-76o2G02Vx8LCCihKaDDUVUFie7vDXI,åå¸ç”Ÿæ—¥å¿«æ¨‚ï¼ï¼åå¸å¤§è€çš„åœ–è¶…ç´šï¼±è¶…ç´šå¯æ„›ï¼Œæ¯æ¬¡çœ‹åˆ°æˆ‘çš„éŒ¢åŒ…éƒ½åœ¨è¡å‹•ï¼²ï¼²ï¼²ï¼Œç¦®ç‰©æ˜¯å…Œæ›å·hehe,https://drive.google.com/open?id=192kAS5_AqIS026hb6Zipaude6qNKIWrn
2025/7/29 ä¸Šåˆ 5:19:06,å³éŽ®æ±,,è½åˆ°åå¸èªªè©±ï¼Œå¿ƒæƒ…ç¸½æ˜¯æœƒè®Šå¥½ï¼Œå¸Œæœ›åå¸ä¹Ÿèƒ½æ¯å¤©éŽå¾—é–‹å¿ƒã€‚,
2025/7/30 ä¸‹åˆ 8:09:21,ç±³æ­,https://drive.google.com/open?id=1rd8emNgmIriXem0qvkrGjoUMEaZcSdhq,ç“¦ç†Šç”Ÿã„–å¿«æ¨‚å•Š~~ ä½ çœŸçš„æ˜¯æœƒå¸¶çµ¦å¤§å®¶æ­¡æ¨‚çš„è¶…æ£’ç“¦ç†Š!!! ä¸€é–‹å§‹è¦ºå¾—ä½ æ˜¯å€‹å¾ˆã„Žä¸€ã„¤çš„ç“¦ç†Šï¼Œé€²ä¸€æ­¥èªè­˜å¾Œç™¼ç¾ä¸åªã„Žä¸€ã„¤ï¼Œé‚„å¾ˆç¥žå¥‡!! æœƒè®Šé­”æ³•çš„ç“¦ç†Š!!! å†æ¬¡ç¥ç¦è¶…è†©å®³åˆç¥žå¥‡çš„ç“¦ç†Šç”Ÿã„–å¿«æ¨‚ï¼Œè›‹ç³•åƒé£½é£½!!!,https://drive.google.com/open?id=1uV42_9xBfkKHKTWFoU_Dq_cE0U3No_Qa
2025/7/31 ä¸Šåˆ 1:10:44,é›™å¤ª,https://drive.google.com/open?id=1mjdH3aLWZ2SyMgWJkqMzGWnKbgfyXQRA,ç¥åå¸æ¯å¤©å¯ä»¥é–‹é–‹å¿ƒå¿ƒï¼Œé †é †åˆ©åˆ©ä¸€æ•´å¹´!! ç”Ÿæ—¥å¿«æ¨‚å”·,https://drive.google.com/open?id=14xMa1U2aVodKZU1SVdyDnF4Sxz_Etvnu
2025/8/1 ä¸Šåˆ 1:41:05,æ˜Ÿæœˆãªã‚‹ã“,https://drive.google.com/open?id=1aX4c07FEDsd0FCu2_XSaDmTAthnlyLbZ,"å—¨
æˆ‘æ˜¯æœ¬æ¬¡ä¼åŠƒè² è²¬åšå‡ºé€™å€‹é é¢çš„ãªã‚‹ã“
æœ¬é é¢æ˜¯ä½¿ç”¨google formæ”¶é›†è¨Šæ¯å¾Œé€éŽgoogle sheetæŠ“å–è³‡æ–™ä¾†æ¸²æŸ“çš„
åº•å±¤æ˜¯next.js
æœ¬æ¬¡é é¢æ˜¯ç”±popapoå‘æˆ‘å§”è¨—çš„
æœ¬æ¬¡é é¢æºä»£ç¢¼åœ¨github.com/toasti-birthday-anniversary/toasti-birthday-anniversary.github.ioæ­¡è¿Žæ‹¿åŽ»çŽ©~~
ç¥å¦³ç”Ÿæ—¥å¿«æ¨‚
ãŠèª•ç”Ÿæ—¥ãŠã‚ã§ã¨ã†ã¨ï¼",
2025/8/1 ä¸Šåˆ 2:40:22,ç±³æ¢µå ¡,https://drive.google.com/open?id=1lBGvoqytn0-OwI_5F_r61UMpxF6mGbnS,åå¸å¥½å¥½åƒ ç“¦ç†Šç”Ÿæ—¥å¿«æ¨‚,
2025/8/1 ä¸Šåˆ 2:44:07,æ˜‚å‹’,https://drive.google.com/open?id=1hrSdZiXlb2dH-ZA69OGZaLAinWCkzGLP,å·²ç¶“å·å·èªªäº†>:Då˜¿å˜¿,https://drive.google.com/open?id=1HUcKkU2GznluYRK3-sc_q_wf9pIOvb2w